Fecha;IPAddress
2021-02-02 17:16:02;192.168.113.141
2021-02-02 17:16:02;192.168.113.141
2021-02-02 17:16:01;192.168.113.141
2021-02-02 17:16:01;192.168.113.141
2021-02-02 17:15:36;192.168.113.145
2021-02-02 17:15:35;192.168.113.145
2021-02-02 17:11:01;192.168.113.141
2021-02-02 17:11:01;192.168.113.141
2021-02-02 17:11:00;192.168.113.141
2021-02-02 17:11:00;192.168.113.141
2021-02-02 17:10:36;192.168.113.145
2021-02-02 17:10:35;192.168.113.145
2021-02-02 17:06:02;192.168.113.141
2021-02-02 17:06:01;192.168.113.141
2021-02-02 17:06:01;192.168.113.141
2021-02-02 17:06:00;192.168.113.141
2021-02-02 17:05:36;192.168.113.145
2021-02-02 17:05:35;192.168.113.145
2021-02-02 17:01:02;192.168.113.141
2021-02-02 17:01:01;192.168.113.141
2021-02-02 17:01:01;192.168.113.141
2021-02-02 17:01:00;192.168.113.141
2021-02-02 17:00:36;192.168.113.145
2021-02-02 17:00:36;192.168.113.145
2021-02-02 16:56:01;192.168.113.141
2021-02-02 16:56:01;192.168.113.141
2021-02-02 16:56:00;192.168.113.141
2021-02-02 16:56:00;192.168.113.141
2021-02-02 16:55:35;192.168.113.145
2021-02-02 16:55:35;192.168.113.145
2021-02-03 07:56:04;192.168.113.141
2021-02-03 07:56:04;192.168.113.141
2021-02-03 07:56:03;192.168.113.141
2021-02-03 07:56:03;192.168.113.141
2021-02-03 07:55:38;192.168.113.145
2021-02-03 07:55:37;192.168.113.145
2021-02-03 07:51:04;192.168.113.141
2021-02-03 07:51:04;192.168.113.141
2021-02-03 07:51:03;192.168.113.141
2021-02-03 07:51:03;192.168.113.141
2021-02-03 07:50:38;192.168.113.145
2021-02-03 07:50:38;192.168.113.145
2021-02-03 07:46:04;192.168.113.141
2021-02-03 07:46:03;192.168.113.141
2021-02-03 07:46:03;192.168.113.141
2021-02-03 07:46:02;192.168.113.141
2021-02-03 07:45:38;192.168.113.145
2021-02-03 07:45:38;192.168.113.145
2021-02-03 07:41:04;192.168.113.141
2021-02-03 07:41:03;192.168.113.141
2021-02-03 07:41:03;192.168.113.141
2021-02-03 07:41:02;192.168.113.141
2021-02-03 07:40:38;192.168.113.145
2021-02-03 07:40:38;192.168.113.145
2021-02-03 07:36:04;192.168.113.141
2021-02-03 07:36:04;192.168.113.141
2021-02-03 07:36:03;192.168.113.141
2021-02-03 07:36:03;192.168.113.141
2021-02-03 07:35:38;192.168.113.145
2021-02-03 07:35:37;192.168.113.145
2021-02-04 07:50:42;192.168.113.145
2021-02-04 07:50:42;192.168.113.145
2021-02-04 07:46:08;192.168.113.141
2021-02-04 07:46:07;192.168.113.141
2021-02-04 07:46:07;192.168.113.141
2021-02-04 07:46:06;192.168.113.141
2021-02-04 07:45:42;192.168.113.145
2021-02-04 07:45:41;192.168.113.145
2021-02-04 07:41:08;192.168.113.141
2021-02-04 07:41:08;192.168.113.141
2021-02-04 07:41:07;192.168.113.141
2021-02-04 07:41:07;192.168.113.141
2021-02-04 07:40:42;192.168.113.145
2021-02-04 07:40:42;192.168.113.145
2021-02-04 07:36:08;192.168.113.141
2021-02-04 07:36:08;192.168.113.141
2021-02-04 07:36:07;192.168.113.141
2021-02-04 07:36:07;192.168.113.141
2021-02-04 07:35:43;192.168.113.145
2021-02-04 07:35:42;192.168.113.145
2021-02-04 07:31:08;192.168.113.141
2021-02-04 07:31:07;192.168.113.141
2021-02-04 07:31:07;192.168.113.141
2021-02-04 07:31:06;192.168.113.141
2021-02-04 07:30:42;192.168.113.145
2021-02-04 07:30:41;192.168.113.145
2021-02-04 07:26:08;192.168.113.141
2021-02-04 07:26:08;192.168.113.141
2021-02-04 07:26:07;192.168.113.141
2021-02-04 07:26:07;192.168.113.141
2021-02-04 07:25:42;192.168.113.145
2021-02-04 07:25:41;192.168.113.145
2021-02-05 07:56:13;192.168.113.141
2021-02-05 07:56:12;192.168.113.141
2021-02-05 07:56:12;192.168.113.141
2021-02-05 07:56:11;192.168.113.141
2021-02-05 07:55:47;192.168.113.145
2021-02-05 07:55:46;192.168.113.145
2021-02-05 07:51:13;192.168.113.141
2021-02-05 07:51:12;192.168.113.141
2021-02-05 07:51:12;192.168.113.141
2021-02-05 07:51:11;192.168.113.141
2021-02-05 07:50:46;192.168.113.145
2021-02-05 07:50:46;192.168.113.145
2021-02-05 07:46:12;192.168.113.141
2021-02-05 07:46:12;192.168.113.141
2021-02-05 07:46:11;192.168.113.141
2021-02-05 07:46:11;192.168.113.141
2021-02-05 07:45:46;192.168.113.145
2021-02-05 07:45:45;192.168.113.145
2021-02-05 07:41:12;192.168.113.141
2021-02-05 07:41:12;192.168.113.141
2021-02-05 07:41:11;192.168.113.141
2021-02-05 07:41:11;192.168.113.141
2021-02-05 07:40:46;192.168.113.145
2021-02-05 07:40:46;192.168.113.145
2021-02-08 07:51:25;192.168.113.141
2021-02-08 07:51:24;192.168.113.141
2021-02-08 07:51:24;192.168.113.141
2021-02-08 07:51:23;192.168.113.141
2021-02-08 07:50:59;192.168.113.145
2021-02-08 07:50:58;192.168.113.145
2021-02-08 07:46:25;192.168.113.141
2021-02-08 07:46:24;192.168.113.141
2021-02-08 07:46:24;192.168.113.141
2021-02-08 07:46:23;192.168.113.141
2021-02-08 07:45:59;192.168.113.145
2021-02-08 07:45:58;192.168.113.145
2021-02-08 07:41:24;192.168.113.141
2021-02-08 07:41:24;192.168.113.141
2021-02-08 07:41:23;192.168.113.141
2021-02-08 07:41:23;192.168.113.141
2021-02-08 07:40:58;192.168.113.145
2021-02-08 07:40:58;192.168.113.145
2021-02-08 07:36:24;192.168.113.141
2021-02-08 07:36:24;192.168.113.141
2021-02-08 07:36:23;192.168.113.141
2021-02-08 07:36:23;192.168.113.141
2021-02-08 07:35:58;192.168.113.145
2021-02-08 07:35:58;192.168.113.145
2021-02-09 07:41:29;192.168.113.141
2021-02-09 07:41:28;192.168.113.141
2021-02-09 07:41:28;192.168.113.141
2021-02-09 07:41:27;192.168.113.141
2021-02-09 07:41:02;192.168.113.145
2021-02-09 07:41:02;192.168.113.145
2021-02-09 07:36:29;192.168.113.141
2021-02-09 07:36:29;192.168.113.141
2021-02-09 07:36:28;192.168.113.141
2021-02-09 07:36:28;192.168.113.141
2021-02-09 07:36:03;192.168.113.145
2021-02-09 07:36:02;192.168.113.145
2021-02-09 07:31:28;192.168.113.141
2021-02-09 07:31:28;192.168.113.141
2021-02-09 07:31:27;192.168.113.141
2021-02-09 07:31:27;192.168.113.141
2021-02-09 07:31:03;192.168.113.145
2021-02-09 07:31:02;192.168.113.145
2021-02-17 07:52:01;192.168.113.141
2021-02-17 07:52:00;192.168.113.141
2021-02-17 07:52:00;192.168.113.141
2021-02-17 07:51:59;192.168.113.141
2021-02-17 07:51:36;192.168.113.145
2021-02-17 07:51:35;192.168.113.145
2021-02-17 07:47:01;192.168.113.141
2021-02-17 07:47:01;192.168.113.141
2021-02-17 07:47:00;192.168.113.141
2021-02-17 07:47:00;192.168.113.141
2021-02-17 07:46:36;192.168.113.145
2021-02-17 07:46:35;192.168.113.145
2021-02-17 07:42:01;192.168.113.141
2021-02-17 07:42:01;192.168.113.141
2021-02-17 07:42:00;192.168.113.141
2021-02-17 07:42:00;192.168.113.141
2021-02-17 07:41:35;192.168.113.145
2021-02-17 07:41:34;192.168.113.145
2021-02-17 07:37:02;192.168.113.141
2021-02-17 07:37:01;192.168.113.141
2021-02-17 07:37:01;192.168.113.141
2021-02-17 07:37:00;192.168.113.141
2021-02-17 07:36:35;192.168.113.145
2021-02-17 07:36:35;192.168.113.145
2021-02-18 07:42:05;192.168.113.141
2021-02-18 07:42:05;192.168.113.141
2021-02-18 07:42:04;192.168.113.141
2021-02-18 07:42:04;192.168.113.141
2021-02-18 07:41:39;192.168.113.145
2021-02-18 07:41:39;192.168.113.145
2021-02-18 07:37:06;192.168.113.141
2021-02-18 07:37:05;192.168.113.141
2021-02-18 07:37:05;192.168.113.141
2021-02-18 07:37:04;192.168.113.141
2021-02-18 07:36:39;192.168.113.145
2021-02-18 07:36:38;192.168.113.145
2021-02-18 07:32:05;192.168.113.141
2021-02-18 07:32:04;192.168.113.141
2021-02-18 07:32:04;192.168.113.141
2021-02-18 07:32:03;192.168.113.141
2021-02-18 07:31:39;192.168.113.145
2021-02-18 07:31:39;192.168.113.145
2021-02-18 07:27:05;192.168.113.141
2021-02-18 07:27:05;192.168.113.141
2021-02-18 07:27:04;192.168.113.141
2021-02-18 07:27:04;192.168.113.141
2021-02-18 07:26:39;192.168.113.145
2021-02-18 07:26:39;192.168.113.145
2021-02-18 07:22:05;192.168.113.141
2021-02-18 07:22:05;192.168.113.141
2021-02-18 07:22:04;192.168.113.141
2021-02-18 07:22:04;192.168.113.141
2021-02-18 07:21:39;192.168.113.145
2021-02-18 07:21:39;192.168.113.145
2021-02-18 07:17:05;192.168.113.141
2021-02-18 07:17:05;192.168.113.141
2021-02-18 07:17:04;192.168.113.141
2021-02-18 07:17:04;192.168.113.141
2021-02-18 07:16:39;192.168.113.145
2021-02-18 07:16:39;192.168.113.145
2021-02-19 07:42:09;192.168.113.141
2021-02-19 07:42:09;192.168.113.141
2021-02-19 07:42:08;192.168.113.141
2021-02-19 07:42:08;192.168.113.141
2021-02-19 07:41:44;192.168.113.145
2021-02-19 07:41:43;192.168.113.145
2021-02-19 07:37:10;192.168.113.141
2021-02-19 07:37:09;192.168.113.141
2021-02-19 07:37:09;192.168.113.141
2021-02-19 07:37:08;192.168.113.141
2021-02-19 07:36:43;192.168.113.145
2021-02-19 07:36:43;192.168.113.145
2021-02-19 07:32:09;192.168.113.141
2021-02-19 07:32:08;192.168.113.141
2021-02-19 07:32:08;192.168.113.141
2021-02-19 07:32:07;192.168.113.141
2021-02-19 07:31:43;192.168.113.145
2021-02-19 07:31:43;192.168.113.145
2021-02-19 07:27:09;192.168.113.141
2021-02-19 07:27:09;192.168.113.141
2021-02-19 07:27:08;192.168.113.141
2021-02-19 07:27:08;192.168.113.141
2021-02-19 07:26:43;192.168.113.145
2021-02-19 07:26:43;192.168.113.145
2021-02-19 07:22:09;192.168.113.141
2021-02-19 07:22:09;192.168.113.141
2021-02-19 07:22:08;192.168.113.141
2021-02-19 07:22:08;192.168.113.141
2021-02-19 07:21:44;192.168.113.145
2021-02-19 07:21:43;192.168.113.145
2021-02-19 07:17:09;192.168.113.141
2021-02-19 07:17:09;192.168.113.141
2021-02-19 07:17:08;192.168.113.141
2021-02-19 07:17:08;192.168.113.141
2021-02-19 07:16:43;192.168.113.145
2021-02-19 07:16:42;192.168.113.145
2021-02-22 08:02:22;192.168.113.141
2021-02-22 08:02:22;192.168.113.141
2021-02-22 08:02:21;192.168.113.141
2021-02-22 08:02:21;192.168.113.141
2021-02-22 08:01:56;192.168.113.145
2021-02-22 08:01:55;192.168.113.145
2021-02-22 07:57:21;192.168.113.141
2021-02-22 07:57:21;192.168.113.141
2021-02-22 07:57:20;192.168.113.141
2021-02-22 07:57:20;192.168.113.141
2021-02-22 07:56:56;192.168.113.145
2021-02-22 07:56:55;192.168.113.145
2021-02-22 07:52:21;192.168.113.141
2021-02-22 07:52:21;192.168.113.141
2021-02-22 07:52:20;192.168.113.141
2021-02-22 07:52:20;192.168.113.141
2021-02-22 07:51:55;192.168.113.145
2021-02-22 07:51:55;192.168.113.145
2021-02-22 07:47:22;192.168.113.141
2021-02-22 07:47:21;192.168.113.141
2021-02-22 07:47:21;192.168.113.141
2021-02-22 07:47:20;192.168.113.141
2021-02-22 07:46:55;192.168.113.145
2021-02-22 07:46:55;192.168.113.145
2021-02-22 07:42:22;192.168.113.141
2021-02-22 07:42:21;192.168.113.141
2021-02-22 07:42:21;192.168.113.141
2021-02-22 07:42:20;192.168.113.141
2021-02-22 07:41:55;192.168.113.145
2021-02-22 07:41:55;192.168.113.145
2021-02-23 07:42:26;192.168.113.141
2021-02-23 07:42:25;192.168.113.141
2021-02-23 07:42:25;192.168.113.141
2021-02-23 07:42:24;192.168.113.141
2021-02-23 07:41:59;192.168.113.145
2021-02-23 07:41:59;192.168.113.145
2021-02-23 07:37:26;192.168.113.141
2021-02-23 07:37:25;192.168.113.141
2021-02-23 07:37:25;192.168.113.141
2021-02-23 07:37:24;192.168.113.141
2021-02-23 07:37:00;192.168.113.145
2021-02-23 07:36:59;192.168.113.145
2021-02-23 07:32:26;192.168.113.141
2021-02-23 07:32:25;192.168.113.141
2021-02-23 07:32:25;192.168.113.141
2021-02-23 07:32:24;192.168.113.141
2021-02-23 07:32:00;192.168.113.145
2021-02-23 07:31:59;192.168.113.145
2021-02-23 07:27:25;192.168.113.141
2021-02-23 07:27:25;192.168.113.141
2021-02-23 07:27:24;192.168.113.141
2021-02-23 07:27:24;192.168.113.141
2021-02-23 07:27:00;192.168.113.145
2021-02-23 07:26:59;192.168.113.145
2021-02-23 07:22:25;192.168.113.141
2021-02-23 07:22:25;192.168.113.141
2021-02-23 07:22:24;192.168.113.141
2021-02-23 07:22:24;192.168.113.141
2021-02-23 07:21:59;192.168.113.145
2021-02-23 07:21:59;192.168.113.145
2021-02-23 07:17:25;192.168.113.141
2021-02-23 07:17:25;192.168.113.141
2021-02-23 07:17:24;192.168.113.141
2021-02-23 07:17:24;192.168.113.141
2021-02-23 07:16:59;192.168.113.145
2021-02-23 07:16:59;192.168.113.145
2021-02-23 07:12:26;192.168.113.141
2021-02-23 07:12:25;192.168.113.141
2021-02-23 07:12:25;192.168.113.141
2021-02-23 07:12:24;192.168.113.141
2021-02-23 07:12:00;192.168.113.145
2021-02-23 07:11:59;192.168.113.145
2021-02-24 07:52:30;192.168.113.141
2021-02-24 07:52:29;192.168.113.141
2021-02-24 07:52:29;192.168.113.141
2021-02-24 07:52:28;192.168.113.141
2021-02-24 07:52:03;192.168.113.145
2021-02-24 07:52:03;192.168.113.145
2021-02-24 07:47:30;192.168.113.141
2021-02-24 07:47:30;192.168.113.141
2021-02-24 07:47:29;192.168.113.141
2021-02-24 07:47:29;192.168.113.141
2021-02-24 07:47:03;192.168.113.145
2021-02-24 07:47:03;192.168.113.145
2021-02-24 07:42:29;192.168.113.141
2021-02-24 07:42:29;192.168.113.141
2021-02-24 07:42:28;192.168.113.141
2021-02-24 07:42:28;192.168.113.141
2021-02-24 07:42:04;192.168.113.145
2021-02-24 07:42:03;192.168.113.145
2021-02-24 07:37:29;192.168.113.141
2021-02-24 07:37:29;192.168.113.141
2021-02-24 07:37:28;192.168.113.141
2021-02-24 07:37:28;192.168.113.141
2021-02-24 07:37:04;192.168.113.145
2021-02-24 07:37:03;192.168.113.145
2021-02-24 07:32:30;192.168.113.141
2021-02-24 07:32:29;192.168.113.141
2021-02-24 07:32:29;192.168.113.141
2021-02-24 07:32:28;192.168.113.141
2021-02-24 07:32:03;192.168.113.145
2021-02-24 07:32:03;192.168.113.145
2021-02-24 07:27:30;192.168.113.141
2021-02-24 07:27:29;192.168.113.141
2021-02-24 07:27:29;192.168.113.141
2021-02-24 07:27:28;192.168.113.141
2021-02-24 07:27:03;192.168.113.145
2021-02-24 07:27:03;192.168.113.145
2021-02-25 07:42:33;192.168.113.141
2021-02-25 07:42:33;192.168.113.141
2021-02-25 07:42:32;192.168.113.141
2021-02-25 07:42:32;192.168.113.141
2021-02-25 07:42:07;192.168.113.145
2021-02-25 07:42:07;192.168.113.145
2021-02-25 07:37:34;192.168.113.141
2021-02-25 07:37:33;192.168.113.141
2021-02-25 07:37:33;192.168.113.141
2021-02-25 07:37:32;192.168.113.141
2021-02-25 07:37:08;192.168.113.145
2021-02-25 07:37:07;192.168.113.145
2021-02-25 07:32:34;192.168.113.141
2021-02-25 07:32:33;192.168.113.141
2021-02-25 07:32:33;192.168.113.141
2021-02-25 07:32:32;192.168.113.141
2021-02-25 07:32:08;192.168.113.145
2021-02-25 07:32:08;192.168.113.145
2021-02-25 07:27:33;192.168.113.141
2021-02-25 07:27:33;192.168.113.141
2021-02-25 07:27:32;192.168.113.141
2021-02-25 07:27:32;192.168.113.141
2021-02-25 07:27:08;192.168.113.145
2021-02-25 07:27:08;192.168.113.145
2021-02-25 07:22:33;192.168.113.141
2021-02-25 07:22:33;192.168.113.141
2021-02-25 07:22:32;192.168.113.141
2021-02-25 07:22:32;192.168.113.141
2021-02-25 07:22:07;192.168.113.145
2021-02-25 07:22:07;192.168.113.145
2021-02-25 07:17:33;192.168.113.141
2021-02-25 07:17:33;192.168.113.141
2021-02-25 07:17:32;192.168.113.141
2021-02-25 07:17:32;192.168.113.141
2021-02-25 07:17:08;192.168.113.145
2021-02-25 07:17:07;192.168.113.145
2021-02-26 08:22:37;192.168.113.141
2021-02-26 08:22:37;192.168.113.141
2021-02-26 08:22:36;192.168.113.141
2021-02-26 08:22:36;192.168.113.141
2021-02-26 08:22:12;192.168.113.145
2021-02-26 08:22:11;192.168.113.145
2021-02-26 08:17:37;192.168.113.141
2021-02-26 08:17:37;192.168.113.141
2021-02-26 08:17:36;192.168.113.141
2021-02-26 08:17:36;192.168.113.141
2021-02-26 08:17:12;192.168.113.145
2021-02-26 08:17:11;192.168.113.145
2021-02-26 08:12:37;192.168.113.141
2021-02-26 08:12:37;192.168.113.141
2021-02-26 08:12:36;192.168.113.141
2021-02-26 08:12:36;192.168.113.141
2021-02-26 08:12:12;192.168.113.145
2021-02-26 08:12:12;192.168.113.145
2021-02-26 08:07:38;192.168.113.141
2021-02-26 08:07:37;192.168.113.141
2021-02-26 08:07:37;192.168.113.141
2021-02-26 08:07:36;192.168.113.141
2021-02-26 08:07:12;192.168.113.145
2021-02-26 08:07:12;192.168.113.145
2021-02-26 08:02:38;192.168.113.141
2021-02-26 08:02:37;192.168.113.141
2021-02-26 08:02:37;192.168.113.141
2021-02-26 08:02:36;192.168.113.141
2021-02-26 08:02:12;192.168.113.145
2021-02-26 08:02:11;192.168.113.145
2021-03-01 09:02:50;192.168.113.141
2021-03-01 09:02:50;192.168.113.141
2021-03-01 09:02:49;192.168.113.141
2021-03-01 09:02:49;192.168.113.141
2021-03-01 09:02:24;192.168.113.145
2021-03-01 09:02:24;192.168.113.145
2021-03-01 08:57:50;192.168.113.141
2021-03-01 08:57:50;192.168.113.141
2021-03-01 08:57:49;192.168.113.141
2021-03-01 08:57:49;192.168.113.141
2021-03-01 08:57:24;192.168.113.145
2021-03-01 08:57:24;192.168.113.145
2021-03-01 08:52:50;192.168.113.141
2021-03-01 08:52:50;192.168.113.141
2021-03-01 08:52:49;192.168.113.141
2021-03-01 08:52:49;192.168.113.141
2021-03-01 08:52:24;192.168.113.145
2021-03-01 08:52:23;192.168.113.145
2021-04-05 15:40:14;192.168.113.141
2021-04-05 15:40:13;192.168.113.141
2021-04-05 15:40:13;192.168.113.141
2021-04-05 15:40:12;192.168.113.141
2021-04-05 15:39:47;192.168.113.145
2021-04-05 15:39:47;192.168.113.145
2021-04-05 15:35:14;192.168.113.141
2021-04-05 15:35:13;192.168.113.141
2021-04-05 15:35:13;192.168.113.141
2021-04-05 15:35:12;192.168.113.141
2021-04-05 15:34:48;192.168.113.145
2021-04-05 15:34:47;192.168.113.145
2021-04-05 15:30:13;192.168.113.141
2021-04-05 15:30:13;192.168.113.141
2021-04-05 15:30:12;192.168.113.141
2021-04-05 15:30:12;192.168.113.141
2021-04-05 15:29:48;192.168.113.145
2021-04-05 15:29:47;192.168.113.145
2021-04-05 15:25:13;192.168.113.141
2021-04-05 15:25:13;192.168.113.141
2021-04-05 15:25:12;192.168.113.141
2021-04-05 15:25:12;192.168.113.141
2021-04-05 15:24:48;192.168.113.145
2021-04-05 15:24:47;192.168.113.145
2021-04-07 08:45:21;192.168.113.141
2021-04-07 08:45:20;192.168.113.141
2021-04-07 08:45:20;192.168.113.141
2021-04-07 08:45:19;192.168.113.141
2021-04-07 08:44:54;192.168.113.145
2021-04-07 08:44:54;192.168.113.145
2021-04-07 08:40:21;192.168.113.141
2021-04-07 08:40:21;192.168.113.141
2021-04-07 08:40:20;192.168.113.141
2021-04-07 08:40:20;192.168.113.141
2021-04-07 08:39:55;192.168.113.145
2021-04-07 08:39:54;192.168.113.145
2021-04-07 08:35:20;192.168.113.141
2021-04-07 08:35:20;192.168.113.141
2021-04-07 08:35:19;192.168.113.141
2021-04-07 08:35:19;192.168.113.141
2021-04-07 08:34:55;192.168.113.145
2021-04-07 08:34:55;192.168.113.145
2021-04-08 16:20:26;192.168.113.141
2021-04-08 16:20:25;192.168.113.141
2021-04-08 16:20:25;192.168.113.141
2021-04-08 16:20:24;192.168.113.141
2021-04-08 16:20:00;192.168.113.145
2021-04-08 16:20:00;192.168.113.145
2021-04-08 16:15:26;192.168.113.141
2021-04-08 16:15:25;192.168.113.141
2021-04-08 16:15:25;192.168.113.141
2021-04-08 16:15:24;192.168.113.141
2021-04-08 16:15:00;192.168.113.145
2021-04-08 16:14:59;192.168.113.145
2021-04-08 16:10:26;192.168.113.141
2021-04-08 16:10:26;192.168.113.141
2021-04-08 16:10:25;192.168.113.141
2021-04-08 16:10:25;192.168.113.141
2021-04-08 16:10:00;192.168.113.145
2021-04-08 16:09:59;192.168.113.145
2021-04-08 16:05:25;192.168.113.141
2021-04-08 16:05:25;192.168.113.141
2021-04-08 16:05:24;192.168.113.141
2021-04-08 16:05:24;192.168.113.141
2021-04-08 16:05:00;192.168.113.145
2021-04-08 16:04:59;192.168.113.145
2021-04-08 16:00:26;192.168.113.141
2021-04-08 16:00:25;192.168.113.141
2021-04-08 16:00:25;192.168.113.141
2021-04-08 16:00:24;192.168.113.141
2021-04-09 08:00:28;192.168.113.141
2021-04-09 08:00:28;192.168.113.141
2021-04-09 08:00:27;192.168.113.141
2021-04-09 08:00:27;192.168.113.141
2021-04-09 08:00:03;192.168.113.145
2021-04-09 08:00:02;192.168.113.145
2021-04-09 07:55:28;192.168.113.141
2021-04-09 07:55:28;192.168.113.141
2021-04-09 07:55:27;192.168.113.141
2021-04-09 07:55:27;192.168.113.141
2021-04-09 07:55:03;192.168.113.145
2021-04-09 07:55:02;192.168.113.145
2021-04-09 07:50:29;192.168.113.141
2021-04-09 07:50:28;192.168.113.141
2021-04-09 07:50:28;192.168.113.141
2021-04-09 07:50:27;192.168.113.141
2021-04-09 07:50:03;192.168.113.145
2021-04-09 07:50:02;192.168.113.145
2021-04-12 07:45:40;192.168.113.141
2021-04-12 07:45:40;192.168.113.141
2021-04-12 07:45:39;192.168.113.141
2021-04-12 07:45:39;192.168.113.141
2021-04-12 07:45:15;192.168.113.145
2021-04-12 07:45:15;192.168.113.145
2021-04-12 07:40:41;192.168.113.141
2021-04-12 07:40:40;192.168.113.141
2021-04-12 07:40:40;192.168.113.141
2021-04-12 07:40:39;192.168.113.141
2021-04-12 07:40:14;192.168.113.145
2021-04-12 07:40:14;192.168.113.145
2021-04-12 07:35:41;192.168.113.141
2021-04-12 07:35:41;192.168.113.141
2021-04-12 07:35:40;192.168.113.141
2021-04-12 07:35:40;192.168.113.141
2021-04-12 07:35:15;192.168.113.145
2021-04-12 07:35:14;192.168.113.145
2021-04-12 07:30:40;192.168.113.141
2021-04-12 07:30:40;192.168.113.141
2021-04-12 07:30:39;192.168.113.141
2021-04-12 07:30:39;192.168.113.141
2021-04-12 07:30:15;192.168.113.145
2021-04-12 07:30:14;192.168.113.145
2021-04-12 07:25:40;192.168.113.141
2021-04-12 07:25:40;192.168.113.141
2021-04-12 07:25:39;192.168.113.141
2021-04-12 07:25:39;192.168.113.141
2021-04-12 07:25:15;192.168.113.145
2021-04-12 07:25:14;192.168.113.145
2021-04-13 08:00:45;192.168.113.141
2021-04-13 08:00:44;192.168.113.141
2021-04-13 08:00:44;192.168.113.141
2021-04-13 08:00:43;192.168.113.141
2021-04-13 08:00:19;192.168.113.145
2021-04-13 08:00:18;192.168.113.145
2021-04-13 07:55:45;192.168.113.141
2021-04-13 07:55:45;192.168.113.141
2021-04-13 07:55:44;192.168.113.141
2021-04-13 07:55:44;192.168.113.141
2021-04-13 07:55:19;192.168.113.145
2021-04-13 07:55:18;192.168.113.145
2021-04-13 07:50:45;192.168.113.141
2021-04-13 07:50:45;192.168.113.141
2021-04-13 07:50:44;192.168.113.141
2021-04-13 07:50:44;192.168.113.141
2021-04-13 07:50:19;192.168.113.145
2021-04-13 07:50:18;192.168.113.145
2021-04-14 07:50:49;192.168.113.141
2021-04-14 07:50:48;192.168.113.141
2021-04-14 07:50:48;192.168.113.141
2021-04-14 07:50:47;192.168.113.141
2021-04-14 07:50:23;192.168.113.145
2021-04-14 07:50:22;192.168.113.145
2021-04-14 07:45:49;192.168.113.141
2021-04-14 07:45:49;192.168.113.141
2021-04-14 07:45:48;192.168.113.141
2021-04-14 07:45:48;192.168.113.141
2021-04-14 07:45:23;192.168.113.145
2021-04-14 07:45:22;192.168.113.145
2021-04-15 08:10:53;192.168.113.141
2021-04-15 08:10:53;192.168.113.141
2021-04-15 08:10:52;192.168.113.141
2021-04-15 08:10:52;192.168.113.141
2021-04-15 08:10:27;192.168.113.145
2021-04-15 08:10:27;192.168.113.145
2021-04-15 08:05:53;192.168.113.141
2021-04-15 08:05:52;192.168.113.141
2021-04-15 08:05:52;192.168.113.141
2021-04-15 08:05:51;192.168.113.141
2021-04-15 08:05:27;192.168.113.145
2021-04-15 08:05:27;192.168.113.145
2021-04-15 08:00:53;192.168.113.141
2021-04-15 08:00:52;192.168.113.141
2021-04-15 08:00:52;192.168.113.141
2021-04-15 08:00:51;192.168.113.141
2021-04-15 08:00:27;192.168.113.145
2021-04-15 08:00:26;192.168.113.145
2021-04-16 07:50:57;192.168.113.141
2021-04-16 07:50:57;192.168.113.141
2021-04-16 07:50:56;192.168.113.141
2021-04-16 07:50:56;192.168.113.141
2021-04-16 07:50:31;192.168.113.145
2021-04-16 07:50:31;192.168.113.145
2021-04-16 07:45:57;192.168.113.141
2021-04-16 07:45:56;192.168.113.141
2021-04-16 07:45:56;192.168.113.141
2021-04-16 07:45:55;192.168.113.141
2021-04-16 07:45:32;192.168.113.145
2021-04-16 07:45:31;192.168.113.145
2021-04-16 07:40:57;192.168.113.141
2021-04-16 07:40:56;192.168.113.141
2021-04-16 07:40:56;192.168.113.141
2021-04-16 07:40:55;192.168.113.141
2021-04-16 07:40:31;192.168.113.145
2021-04-16 07:40:30;192.168.113.145
2021-04-20 07:51:13;192.168.113.141
2021-04-20 07:51:12;192.168.113.141
2021-04-20 07:51:12;192.168.113.141
2021-04-20 07:51:11;192.168.113.141
2021-04-20 07:50:47;192.168.113.145
2021-04-20 07:50:46;192.168.113.145
2021-04-20 07:46:13;192.168.113.141
2021-04-20 07:46:13;192.168.113.141
2021-04-20 07:46:12;192.168.113.141
2021-04-20 07:46:12;192.168.113.141
2021-04-20 07:45:47;192.168.113.145
2021-04-20 07:45:47;192.168.113.145
2021-04-20 07:41:14;192.168.113.141
2021-04-20 07:41:13;192.168.113.141
2021-04-20 07:41:13;192.168.113.141
2021-04-20 07:41:12;192.168.113.141
2021-04-20 07:40:48;192.168.113.145
2021-04-20 07:40:47;192.168.113.145
2021-04-20 07:36:13;192.168.113.141
2021-04-20 07:36:12;192.168.113.141
2021-04-20 07:36:12;192.168.113.141
2021-04-20 07:36:11;192.168.113.141
2021-04-20 07:35:47;192.168.113.145
2021-04-20 07:35:46;192.168.113.145
2021-04-22 09:06:22;192.168.113.141
2021-04-22 09:06:21;192.168.113.141
2021-04-22 09:06:21;192.168.113.141
2021-04-22 09:06:20;192.168.113.141
2021-04-22 09:05:56;192.168.113.145
2021-04-22 09:05:56;192.168.113.145
2021-04-22 09:01:22;192.168.113.141
2021-04-22 09:01:22;192.168.113.141
2021-04-22 09:01:21;192.168.113.141
2021-04-22 09:01:21;192.168.113.141
2021-04-22 09:00:55;192.168.113.145
2021-04-22 09:00:55;192.168.113.145
2021-04-22 08:56:22;192.168.113.141
2021-04-22 08:56:22;192.168.113.141
2021-04-22 08:56:21;192.168.113.141
2021-04-22 08:56:21;192.168.113.141
2021-04-22 08:55:56;192.168.113.145
2021-04-22 08:55:55;192.168.113.145
2021-04-26 09:46:38;192.168.113.141
2021-04-26 09:46:38;192.168.113.141
2021-04-26 09:46:37;192.168.113.141
2021-04-26 09:46:37;192.168.113.141
2021-04-26 09:46:12;192.168.113.145
2021-04-26 09:46:12;192.168.113.145
2021-04-26 09:41:38;192.168.113.141
2021-04-26 09:41:38;192.168.113.141
2021-04-26 09:41:37;192.168.113.141
2021-04-26 09:41:37;192.168.113.141
2021-04-26 09:41:13;192.168.113.145
2021-04-26 09:41:12;192.168.113.145
2021-04-26 09:36:38;192.168.113.141
2021-04-26 09:36:37;192.168.113.141
2021-04-26 09:36:37;192.168.113.141
2021-04-26 09:36:36;192.168.113.141
2021-04-26 09:36:12;192.168.113.145
2021-04-26 09:36:11;192.168.113.145
2021-04-26 09:31:38;192.168.113.141
2021-04-26 09:31:37;192.168.113.141
2021-04-26 09:31:37;192.168.113.141
2021-04-26 09:31:36;192.168.113.141
2021-04-26 09:31:12;192.168.113.145
2021-04-26 09:31:11;192.168.113.145
2021-04-27 08:46:42;192.168.113.141
2021-04-27 08:46:42;192.168.113.141
2021-04-27 08:46:41;192.168.113.141
2021-04-27 08:46:41;192.168.113.141
2021-04-27 08:46:16;192.168.113.145
2021-04-27 08:46:15;192.168.113.145
2021-04-27 08:41:41;192.168.113.141
2021-04-27 08:41:41;192.168.113.141
2021-04-27 08:41:40;192.168.113.141
2021-04-27 08:41:40;192.168.113.141
2021-04-27 08:41:16;192.168.113.145
2021-04-27 08:41:16;192.168.113.145
2021-04-27 08:36:42;192.168.113.141
2021-04-27 08:36:41;192.168.113.141
2021-04-27 08:36:41;192.168.113.141
2021-04-27 08:36:40;192.168.113.141
2021-04-27 08:36:16;192.168.113.145
2021-04-27 08:36:15;192.168.113.145
2021-04-27 08:31:42;192.168.113.141
2021-04-27 08:31:42;192.168.113.141
2021-04-27 08:31:41;192.168.113.141
2021-04-27 08:31:41;192.168.113.141
2021-04-27 08:31:16;192.168.113.145
2021-04-27 08:31:15;192.168.113.145
2021-04-28 08:06:46;192.168.113.141
2021-04-28 08:06:45;192.168.113.141
2021-04-28 08:06:45;192.168.113.141
2021-04-28 08:06:44;192.168.113.141
2021-04-28 08:06:20;192.168.113.145
2021-04-28 08:06:20;192.168.113.145
2021-04-28 08:01:46;192.168.113.141
2021-04-28 08:01:45;192.168.113.141
2021-04-28 08:01:45;192.168.113.141
2021-04-28 08:01:44;192.168.113.141
2021-04-28 08:01:20;192.168.113.145
2021-04-28 08:01:19;192.168.113.145
2021-04-28 07:56:46;192.168.113.141
2021-04-28 07:56:45;192.168.113.141
2021-04-28 07:56:45;192.168.113.141
2021-04-28 07:56:44;192.168.113.141
2021-04-28 07:56:20;192.168.113.145
2021-04-28 07:56:19;192.168.113.145
2021-04-28 07:51:46;192.168.113.141
2021-04-28 07:51:46;192.168.113.141
2021-04-28 07:51:45;192.168.113.141
2021-04-28 07:51:45;192.168.113.141
2021-04-28 07:51:20;192.168.113.145
2021-04-28 07:51:19;192.168.113.145
2021-04-28 07:46:45;192.168.113.141
2021-04-28 07:46:45;192.168.113.141
2021-04-28 07:46:44;192.168.113.141
2021-04-28 07:46:44;192.168.113.141
2021-04-28 07:46:20;192.168.113.145
2021-04-28 07:46:20;192.168.113.145
2021-04-29 09:11:50;192.168.113.141
2021-04-29 09:11:49;192.168.113.141
2021-04-29 09:11:49;192.168.113.141
2021-04-29 09:11:48;192.168.113.141
2021-04-29 09:11:24;192.168.113.145
2021-04-29 09:11:24;192.168.113.145
2021-04-29 09:06:50;192.168.113.141
2021-04-29 09:06:50;192.168.113.141
2021-04-29 09:06:49;192.168.113.141
2021-04-29 09:06:49;192.168.113.141
2021-04-29 09:06:25;192.168.113.145
2021-04-29 09:06:24;192.168.113.145
2021-04-29 09:01:50;192.168.113.141
2021-04-29 09:01:50;192.168.113.141
2021-04-29 09:01:49;192.168.113.141
2021-04-29 09:01:49;192.168.113.141
2021-04-29 09:01:24;192.168.113.145
2021-04-29 09:01:23;192.168.113.145
2021-04-29 08:56:50;192.168.113.141
2021-04-29 08:56:50;192.168.113.141
2021-04-29 08:56:49;192.168.113.141
2021-04-29 08:56:49;192.168.113.141
2021-04-29 08:56:24;192.168.113.145
2021-04-29 08:56:24;192.168.113.145
